pageid,vnum,name
28,14000,Bracelet de bois
70,12620,Chapeau de moine
75,12660,Chap. lumiere du sol.
76,12640,Chapeau de phoenix
185,12340,Capuchon en cuir
186,12360,Capuchon de maille
188,12380,Capuchon de fer
220,12240,Casque masque spectr.
252,13000,Bouclier de bataille
258,13020,Bouclier pentagonal
259,13040,Bouclier rond noir
260,13060,Bouclier du faucon
262,13100,Boucl. tranc. du lion
263,13080,Bouclier tigre singe
264,13120,Boucl. écaille dragon
408,14140,Bracelet d'or blanc
410,14021,Bracelet de cuivre
414,14040,Bracelet d'argent
416,14060,Bracelet d'or
417,14080,Bracelet de jade
420,14100,Bracelet d'ébène
421,14120,Bracelet de perles
422,14160,Bracelet de cristal
423,14180,Bracelet d'améthyste
424,14200,Bracelet larme céleste
472,11200,Armure du singe
474,11600,Armure de réquiem
479,11610,Armure tempétueuse
483,11620,Armure de malchance
484,11220,Armure du tigre tapi
485,11210,Armure de fer
486,11230,Armure du lion
487,11630,Armure de fantôme
510,15000,Chaussures de cuir
522,50082,Boîte de la faucheuse
535,30010,Bile d'ours
623,11290,Armure d'acier noir
624,11690,Armure de magie noire
629,30071,Bile d'ours+
718,27799,Arête
728,30007,Amulette d'orc
729,30076,Amulette d'orc+
825,15020,Chaussures de bambou
826,15040,Chaussures de bois
827,15060,Chaussures fil d'Or
828,15080,Bottes de cuir
829,15100,Chaussures en or
830,15120,Bottes de bronze
831,15140,Chaussures de jade
832,15160,Chaussures d'extase
833,15180,Bottes des nimbes
834,15220,Chauss. oiseau de feu
835,15200,Chaussures de phoenix
840,50110,Boîte d'ébène d'apparat
841,50111,Boîte d'ébène jaune
842,50112,Boîte d'ébène vert clair
843,50113,Boîte d'ébène vert
844,50114,Boîte d'ébène bleue
845,50115,Boîte d'ébène pourpre
888,17000,Boucles oreille bois
892,17020,Boucles oreille cuivre
893,17040,Boucles oreille argent
894,17060,Boucles d'oreille or
895,17080,Boucles oreille jade
896,17100,Boucles oreille ébène
897,17120,Boucles oreille perle
898,17140,Boucle oreil. or blanc
899,17160,Boucles oreil. cristal
900,17180,Boucle oreille améth.
901,17200,Boucle oreil. larme C
933,60001,Bile
945,27988,Carte au Trésor
956,30136,Arc ouvragé
973,30101,Alliance d'Ariyoung
984,30184,Cendres Ensorcelées
1015,70009,Coffre au trésor
1057,11640,Armure du yin-yang
1058,11650,Armure mystique noir
1059,11660,Armure nébuleuse
1060,11670,Arm. visage spectrale
1061,11680,Armure d'Esprit
1062,11280,Armure du dieu dragon
1063,11270,Armure balance d'or
1064,11260,Arm. balance bleue
1065,11250,Arm. balance du dragon
1066,11240,Armure mortelle
1320,50081,Boîte du Roi Démon
1328,50078,Boîte du Tigre jaune
1338,50079,Boîte du roi des flammes
1718,50077,Boîte de Neuf-queues
1720,50076,Bte de la Tortue géante
1746,50073,Bte de la Reine Araignée
1747,50070,Boite du chef orc
1774,50037,Boîte hexagonale
1776,50096,Ballon de foot
1823,40,Canne Épée
1898,2000,Arc court
1899,2010,Arc long
1900,2020,Arc composite
1901,2030,Arc de bataille
1902,2040,Arc long de cavalerie
1903,2050,Arc de bat. cavalerie
1904,2150,Arc à cornes
1905,2060,Arc cuivré
1906,2070,Arc de ruine noire
1907,2090,Arc de feuilles épin.
1908,2080,Arc d'oeil rouge
1909,2100,Arc cornes de taureau
1910,2110,Arc de licorne
1911,2120,Arc d'aile géante
1912,2130,Arc d'abricot divin
1913,2140,Arc géant drag. jaune
1914,2180,Arc du dragon bleu
1915,2170,Arc de corbeau d'acier
1916,2160,Arc diabolique géant
1918,4000,Amija
2010,50109,Boîte d'ébène rouge
2035,30196,Cendres de démon
2048,12010,Armure d'acier azuré
2228,14220,Bracelet cristal d'âme
2231,17220,Boucles cristal d'âme
2247,13140,Bouclier des titans
2343,12670,Chapeau de cardinal
2344,12390,Capuchon orc
2347,12680,Chapeau d'éclat d'âme
2348,12400,Capuchon arachnoïde
2403,15370,Chausses d'euphorie
2405,15390,Bottes auréolées
2406,15410,Bottes de Qilin
2407,15430,Bottes d'oiseau-glace
2434,30179,Clé en spirale
2616,53005,Bébé Azraël
2908,31003,Antidote
3045,70048,Cape de l'évadé
3068,50124,Boîte en Bois Usé
3121,71070,Bracelet d'Amour
3125,71071,Boucles d'oreille amour
3133,70049,Anneau de Lucie
3281,71145,Bijou de l'amour éternel
3289,50025,Chocolat
3459,1090,Chakram
3513,14500,Bracelet rubis
3514,14520,Bracelet grenat
3515,14540,Bracelet émeraude
3516,14560,Bracelet saphir
3517,20000,Armure corne du diable
3520,20500,Armure plates d'os
3538,1130,Chakram aile du diable
3550,71149,Anneau de Force mortelle
3551,71148,Anneau de Volonté
3624,5340,Cloche d'esprit dragon
3627,2370,Arc du phénix
3662,17500,Boucles rubis
3663,17520,Boucles grenat
3664,17540,Boucles émeraude
3665,17560,Boucles saphir
3675,38055,Caisse à petits
3681,30515,Acier de dragon violet
3715,53009,Bao Bao
3771,30509,Acier de dragon bleu
3772,30512,Acier de dragon rouge
3773,30507,Bague en bronze
3774,30504,Bague en argent
3775,30501,Bague en or
3776,30520,Boucle dorée
3777,30522,Chaînon
4023,50012,Coffre au trésor d'or+
4024,50006,Coffre au trésor d'or
4584,71135,Anneau croissant de lune
4798,70052,Charme Karma 1
4832,50033,Boîte mystérieuse
4861,53007,Bambi
4866,50120,Cassette en fer
4876,53016,Boney
4902,18000,Ceinture en lin
4905,18010,Ceinture en cuir
4906,18020,Ceinture d'apparat
4907,18030,Ceinture de sagesse
4908,18080,Ceinture d'Esprit
4909,18040,Ceinture royale
4910,18050,Ceinture ténébreuse
4911,18060,Ceinture runique
4912,18070,Ceinture Grande Ourse
5079,72702,Bottes du vent+ (éch.)
5157,71172,Carnemar
5222,50265,Ballon de foot doré
5455,53223,Balayette
5457,21000,Armure du vent céleste
5458,21010,Armure de l'ouragan
5459,21020,Armure de malachite
5460,21030,Armure de l'orage
5461,21040,Armure de bronze
5462,21050,Armure de Kobold
5463,21060,Armure de Firellium
5465,21070,Armure d'ombre
5466,21080,Armure de rôdeur
5468,21090,Armure de général
5482,13160,Boucl. des 3 empereurs
5504,14570,Bracelet de tourmaline
5507,18090,Ceinture de tourmaline
6282,20830,Armure infernale
6283,20930,Armure du feu noir
6284,20810,Armure de magma
6285,20910,Armu. pluie de cendr.
6286,20850,Armure d'agate
6287,20950,Armure d'onyx
6292,20780,Armure griffe de démon
6293,20880,Armure de feu follet
6294,20760,Armure d'aurore
6295,20860,Armure os de baleine
6296,20800,Armu. guer. de l'omb.
6297,20900,Armure pierre de lune
6323,15440,Chaussures de feu
6324,15450,Chaussures d'océan
6374,50268,Coffre argenté Okey
6382,71196,Boîte de bronze Okey
6383,71195,Boîte argentée Okey
6384,71194,Boîte dorée Okey
6392,50323,Coffre : livr. de parade
6393,50324,Coffre : livre de bonus
6456,53232,Bébé Huashin
6544,30617,Agate
6576,40124,Arc elfique+
6595,30339,Bon d'apparence d'arme+
6599,53538,Coffre Brebis blanche
6811,53543,Boîte ourson Valentino
6820,53544,Boîte ourson Valentinia
6831,53542,Boîte ourson Valentinia+
6832,53541,Boîte ourson Valentino+
6833,71199,Choco-amulette
6869,71190,Boîte à citrouilles
6878,53233,Bruce (butin)
6902,71143,Anneau de la joie
6933,53220,Bébé léopard
6934,53218,Bébé panthère
6935,53225,Clochette
7013,53539,Coffre Bélier bleu
7015,53230,Brebis blanche
7016,53231,Bélier bleu
7029,50274,Coffre chass.boss bronze
7030,50273,Coffre chass.boss argent
7031,50272,Coffre chass. boss or
7376,21550,Casque-dragon à corne
7377,12690,Casque d'acier-dragon
7378,12710,Casque-dragon blindé
7380,12700,Capuche de dragon
7484,50288,Caisse du front 2
7485,50287,Caisse du front 1
7538,53551,Cage de Jiangshi junior
7539,53549,Cage de madame Jiangshi
7540,53550,Cage de M. Jiangshi
7603,12730,Casque d'acier dragon
7604,12750,Casque blindé dragon
7605,12760,Chapeau de dragonnier
7607,12770,Casque épineux dragon
7809,19290,Armure du zodiaque
7995,71233,Bernie
7996,71234,Blue Barry
8310,2200,Arc du zodiaque
8321,5160,Cloche du zodiaque
8325,2500,Arc de kyanite
8492,50930,Butin royal en bronze
8494,50929,Butin royal en argent
8495,50928,Butin royal en or
8534,71202,Amulette de Nazar
8659,83025,Boîte de narcisses
8662,83026,Boîte de lys
8665,83027,Boîte de tournesols
8668,83024,Boîte de muguets
8671,83023,Boîte de chrysanthèmes
8678,25121,Chrysanthème
8709,53540,Autel de Robin (butin)
8811,56000,Appaloosa
8875,53265,Astrabelle
8890,30630,Ailes de dragon
8909,83009,Caisse de familier
9061,83035,Boîte trio monst. bronze
9063,83033,Boîte trio monstres or
9450,39085,(S) éclat de casque I
9488,39088,(S) éclat de casque II
9489,39086,(G) éclat de casque I
9490,39089,(G) éclat de casque II
9491,39087,(V) éclat de casque I
9492,39090,(V) éclat de casque II
9493,39103,(P) éclat de casque II
9494,39106,(M) éclat de casque II
9495,39092,(G) éclat d'armure I
9496,39095,(G) éclat d'armure II
9497,39091,(S) éclat d'armure I
9498,39094,(S) éclat d'armure II
9499,39093,(V) éclat d'armure I
9500,39096,(V) éclat d'armure II
9501,39104,(P) éclat d'armure II
9547,39097,(S) éclat d'arme I
9554,39100,(S) éclat d'arme II
9555,39099,(V) éclat d'arme I
9556,39102,(V) éclat d'arme II
9557,39105,(P) éclat d'arme II
9640,31121,Acier
9749,2210,Arc du dragon obscur
9870,21230,Armure dragon agité
9871,21290,Armure dragon céleste
10058,21270,Armure du dragon div.
10062,21250,Armure du dragon mag.
10064,21210,Armure du dragon obs.
10066,31120,Abrasif
10076,39068,Caisse à fragment ornée
10326,71236,Cerbère (argent)
10327,71235,Cerbère (or)
10597,53282,Chat enflam. clairvoyant
10598,53283,Chat givré clairvoyant
10662,72735,Cof. bonne fortune rouge
10743,83016,Caisse aux mystères
10815,83004,Caisse Halloween (h)
10827,83005,Caisse chap. Halloween h
10902,83010,Boîte à étole
10918,83028,Caisse Halloween (f)
10986,83006,Caisse familier épouv.
10999,53254,Bouh
11006,83029,Caisse chap. Halloween f
11017,83007,Caisse monture épouvante
11034,83014,Caisse Cor Draconis
11064,83011,Caisse d'ornements
11072,83013,Caisse crantée+
11076,83015,Caisse Gaya
11078,83017,Caisse rubis
11153,72734,Coff. bonne fortune bleu
11198,50528,Coffre au trésor Yohara
11249,55400,Caisse aléatoire
11344,17570,B. oreille jadé. nac.
11428,14580,Bracelet jadéite nacr.
11429,14590,Bracelet jadéite sol.
11430,17580,B. oreille jadé. sol.
11432,14600,Bracelet jadéite noc.
11433,17590,B. oreille jadé. noc.
11435,14610,Bracelet jadéite nuag.
11436,17600,B. oreille jadé. nuag.
11469,72054,Amulette des gardiens
12043,53242,Bonsaï (butin)
12081,39069,Caisse à frag. brillant
12147,53581,Caisse d'élément. ardent
12154,53582,Caisse d'élément. givré
12155,53583,Caisse d'élément. éclair
12158,53586,Caisse d'élément. obscur
12264,72062,Anneau d'expérience +200
12438,83037,Boîte cartes monstre or
12478,83036,Boîte cartes mo. argent
12479,83034,Boîte trio monst. argent
12683,50182,Coffre béni
12811,71069,Anneaux d'harmonie
13081,53537,Autel de Wayne (butin)
13082,53536,Autel de Bruce (butin)
13312,39067,Caisse à fragment
13858,50296,Boîte de parade
13859,50297,Boîte de bonus
13860,50298,Caisse de parade
13861,50299,Caisse de bonus
14133,12050,Armure de kyanite
14295,53314,Astrabelle (butin)
14588,2246,Arc serpent (fabr.)
14590,5216,Cloche serpent (fabr.)
14597,2230,Arc serpent
14858,83054,Clé parfaite
14883,5200,Cloche serpent
15102,83055,Cof. au trésor (platine)
15126,83065,Cof. au trésor aléatoire
15127,83066,Clé au trésor aléatoire
15175,56013,Clé du roi
15286,83061,Cof. au trésor de Dongan
15292,83063,Cof. au trésor de Seogan
15294,83057,Cof. au trésor de Namgan
15297,83059,Cof. au trésor de Yilad
15298,83062,Clé au trésor de Dongan
15299,83056,Clé au trésor (platine)
15419,53296,Chiot d'amour taquin
15423,53297,Chiot d'amour pataud
15588,83058,Clé au trésor de Namgan
15589,83064,Clé au trésor de Seogan
15645,83060,Clé au trésor de Yilad
16042,40138,Arc d'Aquarus+
16112,50071,Boîte du chef funeste
16113,50074,Bte de l'araignée géante
16127,70068,B. aléatoire de filon
16227,13210,Bouc. de la damnation
16245,70422,Clé serpent
16248,70427,Clé de prison
16301,53006,Bébé Azraël (or)
16423,53339,Chat angora blanc
16427,53340,Chat angora marron
16430,53341,Chaton angora
16762,71243,Cheval nocturne
16771,53277,Cha-zooka
16775,53278,Chamon
16907,40152,Arc de dokkaebi+
16940,70442,Caisse au trésor (A)
17057,53307,Anubis bleu nuit
17058,53308,Anubis sanguin
17059,53288,Bébé Huashin rouge
17060,53289,Bébé Huashin blanc
17064,53311,Baleine tueuse puissante
17065,53320,Blizzounours
17066,53321,Blizzoursonne
17075,53249,Assistant elfe
17081,71242,Cheval spectral
17086,71247,Astré
17137,18100,Ceinture en titane
17242,53267,Chaotiqua
17419,55070,Aptitude monture coffrée
18089,40187,Arc du gardancêtre+
18458,53323,Cercueil glauque glacial
18459,53324,Cercueil glauque pourpre
18507,40110,Arc cranté+
18526,70441,Caisse au trésor (B)
18527,70440,Caisse au trésor (C)
18900,53343,Balle de champion
18901,53342,Balle de champion (réc.)
18959,40171,Brochette de saucisses+
18963,40173,Arc crème glacée+
19903,53243,Bonsaï
144,30040,Feuille
202,12480,Heaume sanglant
205,12500,Heaume de raillerie
206,12520,Heaume de château
218,12200,Heaume traditionnel
219,12220,Heaume de fer
289,16000,Collier de bois
293,16020,Collier de cuivre
294,16040,Collier d'argent
296,16060,Collier d'or
297,16080,Collier de jade
298,16100,Collier d'ébène
301,16120,Collier de perles
303,16140,Collier d'or blanc
308,16160,Collier de cristal
312,16180,Collier d'améthyste
313,16200,Collier larme céleste
475,11400,Costume azur
478,11410,Costume ivoire
482,11420,Costume cramoisi
488,11430,Cost. de fourmi rouge
625,11490,Costume du vent noir
630,30072,Cuir de patte d'ours+
680,30016,Gemme du Démon
681,30087,Gemme de Démon+
685,30052,Drapeau
686,30047,Livre maléfique
687,30080,Livre maudit+
688,30092,Dent de barbare
689,30049,Corne de baleine
695,30060,Langue de grenouille
706,30030,Lame rouillée
708,30042,Croc de tigre de combat
709,30019,Crinière flamboyante
711,30035,Crème de visage
715,30045,Dard de scorpion
722,30077,Dent d'orc+
736,30003,Groin
749,30037,Griffe de tigre
751,30028,Griffe de loup
752,30004,Dents de sanglier sauv.
760,30038,Fourrure de tigre
764,30070,Fourrure de loup+
766,30069,Griffe de loup+
767,30014,Fourrure de Yéti
768,30089,Fourrure de Yeti+
769,30025,Glande venin d'araignée
954,30134,Colis d'Uriel
1052,11440,Costume de fourmi-lion
1053,11450,Costume d'assassin
1054,11460,Cost. de jeune dragon
1055,11470,Cost. vent meurtrier
1056,11480,Costume fuschia
1473,70012,Larme de la Déesse
1772,50011,Coffre de rayon de Lune
1822,30,Lame courbe
1831,90,Glaive barbare
1833,110,Grande Épée
1917,1000,Dague
1919,1010,Dague cobra
2036,30198,Cristal aqueux
2037,30199,Cristal bleuté
2038,30197,Graines magiques
2053,71129,Griffe de dragon
2054,12020,Cost. de dragon azuré
2230,16220,Collier cristal d'âme
2242,3150,Lame voleuse d'âme
2245,3140,Lame électromagnétique
2342,12530,Heaume Viking
2345,12280,Heaume de général
2346,12540,Heaume magique
2360,3000,Glaive
2361,3010,Lance
2362,3020,Lame guillotine
2363,3030,Lance araignée
2364,3040,Gisarme
2365,3050,Faux de guerre
2366,3210,Lame de fer rouge
2408,30192,Latex
2418,50186,Coffre d'Azraël
2522,3060,Fourche Militaire
2523,3070,Hallebarde
2524,3080,Grand hache
2527,3110,Lame du salut
2599,50215,Coffre d'Halloween
2606,71161,Equus Purpur
2833,70051,Gants du Roi sage
2887,50188,Coffre d'apprenti II
2888,50189,Coffre d'apprenti III
2889,50190,Coffre d'expert I
2891,50191,Coffre d'expert II
2893,50192,Coffre d'expert III
2894,50193,Coffre de maître I
2898,50194,Coffre de maître II
2899,50195,Coffre de maître III
2900,50196,Coffre de grand maître
2934,50051,Dessin de cheval
3058,50723,Fleur de kaki
3071,51001,Fragment d'énergie
3283,71147,Coffre d'Amor (bleu)
3320,5110,Gong antique
3321,5020,Gong d'or
3322,5010,Gong d'argent
3323,5000,Gong de cuivre
3324,5050,Gong abricot
3325,5040,Gong de fontaine
3326,5030,Gong de jade
3347,5100,Gong terre et ciel
3348,5080,Gong d'insecte d'acier
3349,5070,Gong d'insecte d'or
3350,5060,Gong magique
3351,5090,Gong oiseau tonnerre
3352,5120,Gong de bambou
3393,150,Lame de croc fantôme
3394,250,Lame démoniaque
3396,200,Lame tranchante
3398,5330,Gong Gueule de Dragon
3450,1020,Dagues ciseaux
3451,4020,Couteau court
3452,1170,Dague de feuille noire
3453,1030,Couteau porte-bonheur
3454,1040,Cout. Morsure de Chat
3456,1060,Dague du poing diab.
3457,1070,Dague sanglante
3458,1080,Couteau de Nervure
3484,7130,Event. oiseau céleste
3535,1110,Couteau d'éclairs
3536,1100,Couteau du dragon
3537,1120,Couteau siamois
3539,4040,Couteau sans âme
3574,50813,Eau de Sim
3575,50814,Eau de Dok
3580,50817,Eau de Zin
3581,50818,Eau de SamBo
3582,50819,Eau de Mong
3584,50820,Eau de Hwal
3623,7180,Event. dragon couché
3625,470,Lame dent de dragon
3626,1340,Lame des cinq éléments
3628,3190,Lame solaire
3643,16500,Collier rubis
3644,16520,Collier grenat
3645,16540,Collier émeraude
3646,16560,Collier saphir
3668,38054,Coffre tempête du désert
3679,30519,Crochet doré
3713,53011,Khan
3732,50254,Coffre de l'obscurité
3745,71124,Lion blanc
3783,30518,Fil doré
4409,71128,Lion carnassier
4410,71126,Loup bagarreur
4470,71164,Comète
4795,71144,Coffre de Noël
4852,50007,Coffre d'argent
4853,50013,Coffre d'argent+
4856,50122,Coffre en fer
4865,50121,Coffret en fer
4884,53008,Knuud
4994,30550,Lanière bleue
5055,71160,Coffre des Athéniens
5056,71159,Coffre de Milon
5058,50249,Coffre du triomphe
5080,38053,Coffre d'hiver éternel
5083,38050,Coffre du pouvoir
5086,38057,Coffre du Nord
5106,53019,Khan arctique
5128,53023,Cooper
5145,38052,Coffre des rois
5166,38051,Cristal du tigre royal
5173,51578,Cor Rubinum+ (normal)
5176,51576,Cor Draconis+ (normal)
5398,53226,Cupidon
5401,53227,Cœur courroucé
5408,71171,Licorne
5483,6000,Flambeau d'acier
5484,6010,Lance de phoenix
5485,6020,Griffe de fer
5486,6030,Griffe d'acier
5487,6040,Griffe prédatrice
5488,6050,Griffe de scarabée
5489,6060,Griffe de faucon
5490,6070,Griffe épineuse
5491,6080,Croc de loup vert
5493,21500,Heaume de squelette
5494,21510,Heaume voilé d'ébène
5495,21520,Heaume fulgurant
5496,21530,Heaume céleste béni
5497,21540,Heaume du Bois Vert
5505,16570,Collier de tourmaline
5773,38056,Coffre de fête
5774,50130,Coffre de compétition
6166,51646,Coffre-dragon nob. col.
6169,51640,Coffre-dragon+
6278,20820,Costume de lune rouge
6288,20770,Costume d'embuscade
6373,50269,Coffre de bronze Okey
6376,50267,Coffre doré Okey
6543,30616,Dioxyde de titane
6566,40122,Lame canne de Noël+
6568,40125,Glaive pain d'épice+
6570,40126,Gong canne de Noël+
6574,40123,Dague canne de Noël+
6578,40128,Griffes Rodolphe+
6585,51645,Coffre-dragon+ nob. col.
6608,30612,Cordons solides
6863,30337,Graine de citrouille
6938,53224,Flocon
7017,50703,Fleur Kaki
7354,50282,Glacière
7365,50278,Cornet de glace
7379,12720,Coiffe de dragon
7449,30620,Corne de dragon rouge
7451,50271,Coffre des gardes du dr.
7467,50290,Coffre de Zone en bois
7476,50286,Coffre de Zone en or
7536,71222,Dragon Nirvana
7537,71223,Dragon Samsara
7606,12740,Coiffe de dragonnier
7618,54701,Coffre de Bagjanamu
7789,21200,Cuirasse du zodiaque
7796,19690,Harnois du zodiaque
7811,19490,Costume du zodiaque
7835,33033,Coffre doré du zodiaque
7848,33029,Coffret zodiacal rouge
7849,33030,Coffret zodiacal bleu
7851,33031,Fleur d'élément
8020,53246,Jiangshi junior
8027,53250,Donnie
8054,83003,Coffre poisson doré (G)
8055,83002,Coffre poisson doré (M)
8056,83001,Coffre poisson doré (P)
8066,12060,Costume de kyanite
8136,30628,Fleur divine
8140,30623,Livre de la vérité
8152,12090,Harnais de kyanite
8200,53263,Griffy
8313,1180,Dague du zodiaque
8315,6120,Griffe du zodiaque
8317,3220,Glaive du zodiaque
8319,300,Lame du zodiaque
8326,30626,Kyanite
8327,30627,Fruit des dieux
8331,1500,Dague de kyanite
8335,5500,Gong de kyanite
8339,3500,Lame de kyanite
8341,6500,Griffe de kyanite
8417,53251,Frank
8421,71231,Lapin blanc
8554,40136,Lame d'Aquarus+
8556,40139,Glaive d'Aquarus+
8580,53258,Lanterne bigarrée
8582,53259,Lanterne verte
8650,83022,Graines de fleurs
8755,54705,Coffre de l'hydre
8793,50285,Coffre de Zone en acier
8813,38103,En-cas d'appaloosa (7 j)
8876,53266,Helexna
8905,50920,Lot Yutnori d'or
8906,50921,Lot Yutnori d'argent
8907,50922,Lot Yutnori de bronze
8910,50276,Coffre Okeyy en argent
9008,53280,Insecte des glaces+
9027,72737,Coffret de fortune vert
9065,83032,Coffre des sirènes
9077,50123,Glace
9626,31149,Corde solide
9642,31126,Crâne de dragon
9643,31123,Cuir fin
9644,31125,Ficelle épaisse
9645,31124,Ficelle fine
9648,31127,Dent de dragon
9682,31128,Corne de Razador
9684,31129,Corne de Nemere
9686,31143,Coffre de l'éveil
9706,31114,Cuir ordinaire
9708,31117,Fil fin
9709,31115,Enclume
9756,1190,Dague du dragon obsc.
9758,5170,Gong du dragon obscur
9812,3230,Lame du dragon obscur
9816,6130,Griffe du dragon obs.
9857,12800,Heaume dragon agité
9872,12840,Heaume de dragon div.
9873,12860,Heaume dragon céleste
10044,12780,Heaume du dragon obs.
10046,12820,Heaume du dragon mag.
10065,31118,Galon de la gloire
10316,71252,Corbeau de glace
10317,71253,Corbeau nocturne
11000,53253,Hou
11077,40108,Lame crantée+
11199,31251,Durcisseur de cuir
11205,16580,Collier jadéite nacrée
11207,31217,Corne troll
11227,83041,Coffre de devin (or)
11261,83042,Coffre de devin (argent)
11264,83043,Coffre de devin (bronze)
11317,16590,Collier jadéite sol.
11384,31227,Dent d'Argo
11431,16600,Collier jadéite noc.
11434,16610,Collier jadéite nuag.
11484,23000,Gants de force
11499,31245,Cuir dur
11500,31246,Croquis de gants
11536,31252,Durcisseur de cuir+
11539,50529,Coffre de livres 9e voie
11542,23030,Gants protecteurs
11543,23010,Gants d'agilité
11544,23020,Gants blindés
12024,83021,Coffre Decimus (or)
12025,83020,Coffre Decimus (argent)
12041,31253,Coffre de maître gnoll
12129,53002,Faon
12131,53248,Elfe vert
12137,53305,Ent de Noël noueux
12416,71230,Dragon magmatique
13045,71116,Loup (jaune)
13047,71120,Lion (jaune)
13113,53257,Idall de poche
13311,83019,Coffre Decimus (bronze)
13853,83018,Coffre d'anniversaire
14023,50733,Feuille flamme
14026,50735,Herbe du tonnerre
14027,50736,Fleur d'Aquilon
14034,50741,Herbes dorées
14035,83051,Coffre de talisman parf.
14037,83052,Coffre de collier parf.
14038,83053,Coffre de boucle parf.
14206,31238,Coquillage brillant
14372,71122,Entrée Temple du dragon
14499,90017,Contreplaqué+
14543,50331,Liv. de quête (Prince 2)
14585,3266,Grande épée ser. (fabr.)
14586,396,Lame serpent (fabr.)
14587,1226,Dague serpent (fabr.)
14591,6166,Griffe de serpent (fab.)
14601,3250,Grande épée serpent
14602,1210,Dague serpent
14603,6150,Griffe de serpent
14605,31259,Enclume d'Aquilon
14609,70411,Coffre-dragon bl. (fac.)
14639,380,Lame serpent
14643,50332,Liv. de quête (Prince 3)
14857,83067,Coffre de bracelet parf.
15057,31231,Cristal de Metin
15092,31255,Coffre orné d'or
15103,31254,Coffre de maître ahtrin
15190,39081,Fragment sacré (120)
15198,72354,Filon de jadéite mobile
15266,31256,Coffre de labyrinthe
15319,72740,Licence pour mercenaire
15334,72750,Gué. mercenaire directe
15373,70412,Coffre-dragon bl. (dif.)
15411,53329,Dragolove mignon
15413,53330,Dragolove taquin
15476,53531,Coffre de Cupidon
15477,53532,Coffre du Cœur courroucé
15531,23050,Gants serpent (STR)
15547,23080,Gants serpent (INT)
15548,23060,Gants serpent (RES)
15549,23070,Gants serpent (VIT)
16016,53247,Elfe rouge
16039,40140,Gong d'Aquarus+
16040,40142,Griffes d'Aquarus+
16041,40137,Dague d'Aquarus+
16050,53304,Ent de Noël vert
16091,50335,Livre quête (Col Yilad)
16092,50333,Livre quête (Ni. Dongan)
16093,50334,Livre quête (A. Namgan)
16094,50336,Livre quête (R. d'Aqui.)
16095,50337,Livre quête (Gorge âmes)
16110,31223,Compas de propagation
16173,31270,Essence de talisman
16212,70446,Coffre de la damnation
16216,70447,Coffre de la damnation+
16220,30658,Corne d'Asmodeus
16222,30660,Livre d'après-vie
16223,30661,Cœurpierre d'Asmodeus
16224,30664,Crinière d'Asmodeus
16434,53240,Lanterne-lune (bleue)
16438,53241,Lanterne-lune (orange)
16875,70451,Lot de flammes funestes
16904,40153,Glaive de dokkaebi+
16905,40151,Dague de dokkaebi+
16910,40154,Gong de dokkaebi+
16914,40156,Griffes de dokkaebi+
17019,71257,Dragon d'Aqu. majestueux
17078,71232,Lapin lunaire
17102,71255,Lama de Noël brun
17103,71254,Lama de Noël blanc
17106,71259,Lapin pressé (rose)
17109,71260,Lapin pressé (bleu)
17118,71261,Kitsune carmin
17119,71262,Kitsune indigo
17121,71264,Loup givré bleu
17126,71265,Hippocampe lunaire
17128,71266,Hippocampe solaire
17139,50275,Coffre Okey en or
17140,50277,Coffre Okey en bronze
18088,40186,Dague du gardancêtre+
18090,40188,Espadon du gardancêtre+
18091,40189,Gong du gardancêtre+
18093,40191,Griffe du gardancêtre+
18466,71267,Frayeur nocturne noire
18467,71268,Frayeur nocturne dorée
18501,40109,Dague crantée+
18503,40112,Gong cranté+
18509,40114,Griffes crantées+
18511,40111,Glaive cranté+
18535,50330,Liv. de quête (Prince 1)
18961,40172,Dague en épi de maïs+
18965,40174,Cuisse croustillante+
18967,40175,Gong en savoureux tacos+
18971,40177,Griffes fastfood+
19273,83072,Coffre d'invasion
19276,30667,Corde solide+
19322,71271,Lapin pressé (rouge)
19349,71272,Lapin pressé (noir)
19912,71146,Coffre d'Amor (rose)
79,30050,Orbe de glace
145,30088,Morceau de glace+
476,11800,Robe Pourpre
477,11810,Robe turquoise
481,11820,Robe rose
489,11830,Robe d'amoureux
620,11890,Robe noire
628,30053,Peau de patte d'ours
631,30082,Queue de serpent+
632,30022,Queue de serpent
682,30015,Souvenir de Démon
683,30086,Souvenir de Démon+
684,30090,Orbe de glace+
690,30048,Morceau de glace
691,30008,Manuel d'Esotérisme
693,30078,Manuel d'Esotérisme+
699,30051,Talisman inconnu
707,30011,Pelote
712,30091,Symbole de Guerrier
716,30041,Shuriken
717,30075,Shuriken+
719,30046,Queue de scorpion
720,30081,Queue de scorpion+
721,30033,Porcelaine brisée
724,30005,Morceau d'armure cassée
725,30067,Peau de serpent
732,30018,Natte de ruban rouge
734,30031,Ornement
738,30055,Pince de scorpion
741,30032,Uniforme noir usé
743,30009,Médicament inconnu
745,30083,Médicament inconnu+
750,30074,Uniforme noir usé+
753,30017,Épingle de cheveux déco.
755,30057,Yeux d'araignée
756,30056,Toile d'araignée
757,30059,Pattes d'araignée
758,30039,Morceau de tissu
759,30085,Morceau de tissu+
761,30034,Natte de ruban blanc
762,30073,Natte de ruban blanc+
765,30023,Peau de tigre blanc
770,27987,Palourde
771,27992,Perle blanche
772,27993,Perle bleue
773,27994,Perle de sang
774,30058,Poche d'œuf d'araignée
775,30006,Molaire d'orc
937,30044,Terre glaise
949,30221,Pierre d'âme du Temple
1014,30220,Pierre d'âme de Jinunggy
1047,11840,Robe ciel ouest loint.
1048,11850,Robe solaire
1049,11860,Robe de moral
1050,11870,Robe du chat orange
1051,11880,Robe de baronne
1364,10,Épée
1418,290,Épée de la lune pleine
1487,30300,Vieux coffre inconnu
1828,60,Épée en argent
1829,70,Épée aux orchidées
1830,80,Épée bâtarde
1834,120,Épée du magic. volant
1835,130,Épée de demi-lune
2039,30195,Sable silicieux
2044,30193,Os de doigt
2052,71123,Écaille de dragon
2055,12030,Plaques auréolées
2056,12040,Vêtement du dragon
2237,160,Épée de nymphe
2238,140,Épée de bataille
2239,170,Épée de piqûre
2240,180,Épée empoisonnée
2241,270,Épée de Triton
2243,3160,Épée de rancune
2244,3130,Partisan
2341,12260,Masque de la peur
2409,30194,Massue orque
2525,3090,Pique de glace
2526,3100,Épée des douze Esprits
2528,3120,Tueuse de lion
2832,70050,Symbole du Roi sage
2838,35002,Rose jaune
3057,50724,Racine de gango
3117,70004,Médaille d'attention
3319,240,Épée d'exorcisme
3395,190,Épée du lion
3449,4010,Neuf Lames
3455,1050,Poig. Visage de Diable
3518,20750,Vêtement doré
3519,20250,Tenue cavalier dragon
3566,50801,Sirop de Fleur de pêcher
3568,50802,Sirop de Campanule
3586,50821,Rosée rouge
3593,50822,Rosée rose
3594,50823,Rosée jaune
3596,50825,Rosée bleue
3597,50826,Rosée blanche
3708,53010,Léonidas
3710,53012,Porky
3730,70031,Traité d'escrime
3778,30521,Élément d'anneau
3779,30523,Élément de bijou
3780,30516,Épaulette antique
3781,30513,Épaulette noble
3782,30510,Épaulette précieuse
3784,30502,Ornement en rubis
3785,30508,Ornement de saphir
3786,30505,Ornement d'émeraude
3787,30500,Pointe à graver - rubis
3788,30506,Pointe à graver saphir
3789,30503,Pointe à graver améthyst
3790,30511,Tissu rouge
3791,30517,Tissu doré
3792,30514,Tissu violet
3850,71165,Prédateur polaire
4408,71127,Tigre tempétueux
4411,71125,Sanglier pugnace
4471,71142,Tigre royal (blanc)
4531,71166,Panda blindé
4967,50216,Vin chaud
5042,71158,Médaille de héros
5107,53017,Phœnix de jade
5108,53003,Phœnix de glace
5109,53015,Mini-bourreau dodu (or)
5110,53014,Mini-bourreau dodu
5111,53020,Porky polaire
5129,53022,Sheldon
5456,53222,Tête de citrouille
5492,6090,Seigneur des dragons
5832,71182,Muffin (brun)
5963,30524,Pierre à flammes
5964,30525,Pierre à flammes glacées
6177,71188,Sucette magique
6279,20920,Pyjama mortel
6280,20840,Vêtement du feu
6281,20940,Vêtement de lune
6289,20870,Vêtement métamorphe
6290,20790,Vêtement de la foi
6291,20890,Vêtement d'harmonie
6405,30605,Plates d'or
6406,30606,Plates d'argent
6407,30607,Plates de cuivre
6410,30608,Plates d'acier
6411,30609,Plates de bronze
6416,30602,Teinture bleue
6417,30603,Teinture rouge
6418,30615,Teinture blanche
6419,30614,Teinture noire
6422,30601,Plan d'armure
6423,30600,Patron
6460,71193,Éclair
6461,71192,Tonnerre
6497,30604,Teinture grise
6540,30610,Mithril
6541,30619,Teinture or métallisé
6597,30618,Pierre de lune
6609,30611,Sangles massives
6815,53236,Valentino+
6837,53237,Valentinia+
6879,53234,Wayne (butin)
6880,53235,Robin (butin)
6881,53018,Léonidas polaire
6931,71177,Léopard
6932,71176,Panthère noire
6939,53001,Phœnix flamboyant
6940,53021,Rufus des glaces
7038,71198,Muffin (rose)
7039,71197,Nugget (bleu marine)
7450,30621,Écaille de dragon rouge
7453,30622,Plan d'armure : casque
7590,25101,Part de gâteau
7788,33028,Trésor d'étoile
7810,19890,Vêtement du zodiaque
7815,9600,Talisman du feu
7817,10750,Talisman de foudre
7819,9830,Talisman de glace
7821,10290,Talisman funeste
7823,10060,Talisman de terre
7825,10520,Talisman du vent
7827,310,Épée du zodiaque
7910,53260,Sir Oswald
7999,71224,Manni
8000,71225,Manu
8003,71229,Lézard de grotte glace
8010,71228,Lézard de grotte magma
8012,53256,Mini Bonsaï
8015,53244,Madame Jiangshi+
8019,53245,Monsieur Jiangshi+
8028,53262,Sir Chesterfield
8075,33027,Trésor d'aventurine
8133,30625,Padparadscha
8135,30629,Élixir des dieux
8138,30624,Âme de la vérité
8146,12080,Vêtement de kyanite
8150,12070,Plates de kyanite
8243,53264,Nogaj
8269,33026,Trésor d'auréoline
8337,500,Épée de kyanite
8537,71227,Tulu de combat noir
8674,25124,Lys
8675,25123,Narcisse
8676,25125,Tournesol
8677,25122,Muguet
8683,53269,Lycaninho
8686,53268,Lynédine
8904,53255,Sinistra
9413,39112,Modèle de lot d'arme
9423,39110,Modèle de lot de casque
9425,39111,Modèle de lot d'armure
9639,31109,Pierre d'éveil raffinée
9641,31133,Teinture ordinaire
9646,31122,Tissu
9647,31131,Soie
9650,31135,Teinture rare
9652,31136,Pierre du chaos simple
9653,31137,Pierre du chaos splen.
9654,31138,Pierre chaos précieuse
9660,31134,Teinture améliorée
9668,31130,Épines acerbes
9669,31132,Morceaux
9698,31113,Âme de l'éveil
9699,31108,Pierre d'éveil mineure
9703,31110,Pierre d'éveil splendide
9704,31111,Pierre d'éveil noble
9705,31112,Pierre d'éveil puissante
9710,320,Épée du dragon obscur
9814,340,Stylet du dragon obs.
10320,71244,Sombraile
10321,71245,Ombrelame
10416,83030,Trophée Yutnori d'or
10499,83031,Trophée Yutnori d'argent
10536,53302,Momie chancelante
10537,53301,Momie gesticulante
10919,81000,Talisman volonté STR
10926,81250,Talisman volonté RES
10927,81300,Talisman volonté VIT
10928,81550,Talisman volonté INT
10996,83012,Malle de livre de fam.
11036,27128,Secret de Yutnori
11206,31216,Plates en métal brut
11208,31218,Plates acier de forge
11209,31224,Plates d'acier ornement.
11252,39119,Pierre de force élém.
11253,39120,Pierre de protec. élém.
11383,31226,Noyau corrompu
11450,76047,Sucette de la force 3 j.
11494,31247,Rune SungMa rouge
11496,31250,Rune SungMa verte
11497,31248,Rune SungMa mauve
11498,31249,Rune SungMa bleue
11509,31228,Écail d'Argo
11537,72353,Topaze de volonté
12133,53275,Nora Cassenoix
12135,53285,Nain taquin+ (rouge)
12159,53295,Petit élémentaire obscur
12160,53290,Petit élémentaire ardent
12161,53291,Petit élémentaire givré
12163,53292,Petit élémentaire éclair
12164,53294,Petit élémentaire terr.
12165,53293,Petit élémentaire rafale
12226,27213,Élixir : v. SungMa (STR)
12247,31225,Pierre de rune
12293,27214,Élixir : v. SungMa (VIT)
12295,27215,Élixir : v. SungMa (RES)
12297,27216,Élixir : v. SungMa (INT)
12314,53239,Valentinia
12315,53238,Valentino
12669,53271,Paon éclatant bleu royal
12674,50183,Sucreries
13044,71114,Sanglier (jaune)
13046,71118,Tigre (jaune)
13202,53315,Phœnix flamboyant (but.)
13521,70408,Ticket mystérieux
13986,70407,Ticket myst. (Premium)
14024,50734,Racine de gel
14029,50737,Sarment de terre
14030,50738,Épine obscure
14031,50739,Élixir de force vide
14032,50740,Élixir de résist. vide
14055,21370,Manteau serpent pur
14079,31233,Pierre serpent
14080,21310,Manteau serpent
14081,21330,Veste serpent
14082,21350,Manteau serpent vil
14083,21390,Manteau serpent cél.
14085,31234,Pierre serpent+
14086,31257,Modèle serpent
14087,31258,Soie serpent
14088,31239,Perle brillante blanche
14089,31240,Perle brillante bleue
14090,31241,Perle de sang brillante
14091,31262,Vernis serpent
14092,21366,Mant. serpent vil (fab.)
14093,21326,Manteau serpent (fabri.)
14094,21346,Vesteserpent (fabri.)
14095,21386,Manteau serpent p. (fa.)
14096,21406,Manteau serp. c. (fabr.)
14203,70429,Trésor du serpent
14215,53261,Sir Cobblepot
14294,53313,Léonidas polaire (butin)
14498,90015,Pierre de fondation+
14500,90016,Tronc+
14598,31242,Pierre d'arme d'Aquilon
14599,31243,Pierre d'arme d'Aquilon+
14604,31263,Pierre d'affûtage d'Aqu.
14606,31237,Pierre d'âme d'Aquilon
14607,31235,Tête de dragon blanc
14608,31236,Écaille de dragon blanc
15017,50704,Racine de Gango
15055,31230,Noyau purifié
15059,31232,Osmonde obscure
15191,70428,Poussière de serpent
15196,31244,Pierre gants d'Aquilon
15197,31261,Pierre mystérieuse
15200,72339,Pierre Metin de Yohara
15328,83109,Récompense Forêt enchan.
15329,83108,Réc. Forteresse drag. r.
15330,83103,Récompense temple Hwang
15331,83101,Récompense Désert Yongbi
15335,83104,Récompense T. des démons
15336,83106,Récompense catac. diable
15337,83105,Récompense Grotte Exil
15338,83107,Récompense obs. Nemere
15350,83112,Récompense Col de Yilad
15351,83113,Récompense Temple serp.
15352,83114,Récompense Cit. Aquilon
15353,83100,Récompense Seungryong
15354,83102,Récompense Kuahlo Dong
15355,83110,Récompense niveau Dongan
15399,53272,Paon éclatant rose
15849,53299,Miniguerrier crabe
15861,53274,Noah Cassenoisette
16018,53553,Maxicoffre d'elfe vert
16020,53552,Maxicoffre d'elfe rouge
16089,53286,Nain taquin+ (vert)
16114,83111,Récompense Grotte g. N 1
16169,81560,Talisman mystérieux
16218,30656,Écaille d'Asmodeus
16219,30657,Épaulière d'Asmodeus
16221,30659,Âme damnée
16284,70423,Éclat serpent enflammé
16285,70424,Éclat de serpent givré
16286,70425,Éclat de serpent rafale
16287,70426,Éclat de serpent terre.
16766,71226,Tulu de combat brun
16812,71137,Tigre royal (bleu)
16865,71141,Tigre royal (gris)
16869,71138,Tigre royal (rouge)
16870,71139,Tigre royal (or)
16871,71140,Tigre royal (vert)
16902,40150,Épée de dokkaebi+
16946,53332,Mini comm. feu (butin)
16957,53333,Mini comm. glace (butin)
16958,53334,Mini comm. foudre (but.)
16959,53335,Mini comm. vent (butin)
16960,53336,Mini comm. terre (butin)
16961,53337,Mini comm. obsc. (but.)
16998,72360,Parchemin du défi
17067,53316,Trublion impassible
17068,53317,Trublion pernicieux
17069,53331,Petit dragolove
17070,53298,Petit chiot d'amour
17073,53319,Phénix de la rédemption
17074,53554,Minicoffre d'elfe rouge
17083,71246,Ombrelune
17089,71248,Taureau de combat doré
17092,71249,Taureau de combat argent
17095,71250,Sphinx blanc
17097,71251,Sphinx en pierre
17120,71263,Loup givré rouge
17171,71185,Nugget (bleu)
17209,50830,Élixir force flamme
17212,50842,Élixir doré force flamme
17218,50831,Élixir force gel
17219,50832,Élixir force du tonnerre
17220,50835,Élixir force obscure
17221,50833,Élixir de la force d'Aq.
17222,50834,Élixir force terrestre
17224,50840,Élixir résist. terre
17225,50837,Élixir résist. gel
17226,50838,Élixir résist. tonnerre
17227,50841,Élixir résist. obscur.
17228,50836,Élixir résist. flamme
17229,50839,Élixir résist. d'Aquilon
17230,50843,Élixir doré force gel
17231,50844,Élixir doré force tonn.
17232,50847,Élixir doré force obscu.
17233,50846,Élixir doré force terr.
17234,50845,Élixir doré force d'Aq.
17235,50851,Élixir doré résis. d'Aq.
17237,50852,Élixir doré résis. terre
17238,50849,Élixir doré résist. gel
17239,50848,Élixir doré rési. flamme
17240,50850,Élixir doré résis. tonn.
17241,50853,Élixir doré rés. obscur.
17420,55058,À dos (anti Ninjas)
17438,55059,À dos (anti Suras)
17439,55057,À dos (anti Guerriers)
17440,55060,À dos (anti Chamane)
17441,55061,À dos (anti Lycans)
18035,71186,Muffin (vert)
18087,40185,Épée du gardancêtre+
18937,53327,Rudolph en pain d'épice
18938,53326,Tornade en pain d'épice
18949,71269,Renne tempête de neige
18950,71270,Renne nuit d'hiver
19275,30666,Petite plaque de titane
19277,30668,Nœud solide+
19363,53346,Rench
19364,53345,Wissel
1821,20,Épée longue
1824,50,Épée large
1832,100,Épée sanglante
3397,280,Épée sacrée
3399,7000,Éventail
3400,7010,Éventail de fer
3401,7020,Éventail du tigre noir
3468,7030,Éventail aile de grue
3469,7040,Éventail du paon
3470,7050,Éventail aquatique
3471,7160,Éventail vent d'autom.
3478,7100,Éventail triple
3479,7090,Éventail du phoenix
3480,7080,Éventail de piqûre
3481,7070,Éventail de l'océan
3482,7060,Éventail de pierre
3483,7150,Éventail d'extase
3485,7140,Éventail du salut
3486,7120,Éventail soleil noir
3487,7110,Éventails de cils
3488,7190,Éventail démoniaque
3629,460,Épée runique
6572,40127,Éventail glacé+
8323,7300,Éventail du zodiaque
8333,7500,Éventail de kyanite
9767,7310,Évent. dragon obscur
10099,31196,ÉV : plan d'épée
10100,31200,ÉV : plan de lame
10101,31197,ÉV : plan de stylet
10102,31199,ÉV : plan d'arc
10104,31198,ÉV : plan de dague
10105,31201,ÉV : plan de gong
10106,31203,ÉV : plan d'éventail
10107,31202,ÉV : plan de griffe
10109,31204,ÉV : plan d'armu. Guerr.
10110,31206,ÉV : plan d'armu. Sura
10111,31205,ÉV : plan d'armu. Ninja
10112,31208,ÉV : plan d'armu. Lycan
10113,31207,ÉV : plan d'armu. Chama.
10114,31209,ÉV : plan heaume Guerr.
10115,31211,ÉV : plan heaume Sura
10116,31210,ÉV : plan heaume Ninja.
10117,31213,ÉV : plan heaume Lycan
10118,31212,ÉV : plan heaume Chamane
14584,376,Épée serpent (fabri.)
14589,7346,Éventail serpent (fabr.)
14600,360,Épée serpent
14882,7330,Éventail serpent
16038,40141,Éventail d'Aquarus+
16912,40155,Éventail de dokkaebi+
18092,40190,Éventail du gardancêtre+
18505,40113,Éventail cranté+
18969,40176,Éventail de pizzas+
977,30130,Bouteille vide (quête)
3059,50726,Champignon Tue
3060,50722,Campanule
3064,50728,Baie
3084,27995,Bouteille vide
6930,71131,Cheval noir
9502,39107,(M) éclat d'armure II
9545,39098,(G) éclat d'arme I
9546,39101,(G) éclat d'arme II
9558,39108,(M) éclat d'arme II
11027,83008,Boîte à bijoux
12156,53584,Caisse d'élément. rafale
12157,53585,Caisse d'élément. terre
12280,71015,Anneau d'expérience (bonus)
15049,50702,Campanule (quête)
15107,50706,Champignon Tue (quête)
19134,70410,Clé gelée (Alastor)
19386,53348,Baleine tueuse fidèle
763,30027,Fourrure de loup
2884,50187,Coffre d'apprenti I
3062,50725,Lilas
3063,50721,Fleur de pêcher
3242,72021,Extension du Stockage
3421,50255,Cor Draconis (brut)
3463,71029,Intellig. du Dieu Dragon
3464,71030,Défense du Dieu Dragon
4864,50125,Coffre mystérieux
6168,76039,Coffre-dragon
6936,53228,Croissant de lune (bleu)
6937,53229,Croissant de lune (rouge)
7045,53533,Coffre Croissant de lune (bleu)
7047,53534,Coffre Croissant de lune (rouge)
7109,54704,Coffre de Jotun Thrym
7444,50270,Coffre de la reine Meley
7612,54700,Coffre de Beran-Setaou
7616,54703,Coffre de Nemere
7617,54702,Coffre de Razador
9634,31139,Coffre de Beran-Setaou (EV)
9667,31140,Coffre de Jotun Thrym (EV)
9681,31141,Coffre de Razador (EV)
9683,31142,Coffre de Nemere (EV)
15027,50701,Fleur de pêcher (quête)
15089,50705,Lilas (quête)
16111,83118,Coffre soumis (diff.)
16115,83115,Coffre soumis (facile)
16126,83121,Coffre d'exploration
16128,83124,Coffre de destruction
17358,50294,Coffre de la reine Meley (Gaya)
697,30079,Talisman inconnu+
704,30021,Morceau de Gemme
796,30061,Pattes de grenouille
2839,50024,Rose (rouge)
2912,72024,Médaille de Chance (objet spécial)
3061,50727,Rose des montagnes
4881,53013,Rufus
5159,50094,Sushi de poisson-chat
5161,50093,Sushi de saumon
5196,71181,Potion de sagesse
6178,71136,Sucette de la force
7647,71180,Potion d'ascension (3h)
11468,76030,Sucette de la force (bleue)
12268,71153,Potion de sagesse (apprenti)
12276,38058,Potion de sagesse (3h)
12856,72012,Plume des amoureux
15199,72063,Pierre Metin (F)
18545,50031,Rose (jaune)
